[{
	"model": "contenttypes.contenttype",
	"pk": 1,
	"fields": {
		"app_label": "auth",
		"model": "permission"
	}
},
{
	"model": "contenttypes.contenttype",
	"pk": 2,
	"fields": {
		"app_label": "auth",
		"model": "user"
	}
},
{
	"model": "contenttypes.contenttype",
	"pk": 3,
	"fields": {
		"app_label": "auth",
		"model": "group"
	}
},
{
	"model": "contenttypes.contenttype",
	"pk": 4,
	"fields": {
		"app_label": "contenttypes",
		"model": "contenttype"
	}
},
{
	"model": "contenttypes.contenttype",
	"pk": 5,
	"fields": {
		"app_label": "sessions",
		"model": "session"
	}
},
{
	"model": "contenttypes.contenttype",
	"pk": 6,
	"fields": {
		"app_label": "sites",
		"model": "site"
	}
},
{
	"model": "contenttypes.contenttype",
	"pk": 7,
	"fields": {
		"app_label": "admin",
		"model": "logentry"
	}
},
{
	"model": "contenttypes.contenttype",
	"pk": 8,
	"fields": {
		"app_label": "workflow",
		"model": "activity"
	}
},
{
	"model": "contenttypes.contenttype",
	"pk": 9,
	"fields": {
		"app_label": "workflow",
		"model": "process"
	}
},
{
	"model": "contenttypes.contenttype",
	"pk": 10,
	"fields": {
		"app_label": "workflow",
		"model": "application"
	}
},
{
	"model": "contenttypes.contenttype",
	"pk": 11,
	"fields": {
		"app_label": "workflow",
		"model": "pushapplication"
	}
},
{
	"model": "contenttypes.contenttype",
	"pk": 12,
	"fields": {
		"app_label": "workflow",
		"model": "transition"
	}
},
{
	"model": "contenttypes.contenttype",
	"pk": 13,
	"fields": {
		"app_label": "workflow",
		"model": "userprofile"
	}
},
{
	"model": "contenttypes.contenttype",
	"pk": 14,
	"fields": {
		"app_label": "graphics",
		"model": "image"
	}
},
{
	"model": "contenttypes.contenttype",
	"pk": 15,
	"fields": {
		"app_label": "graphics",
		"model": "graph"
	}
},
{
	"model": "contenttypes.contenttype",
	"pk": 16,
	"fields": {
		"app_label": "graphics",
		"model": "metagraph"
	}
},
{
	"model": "contenttypes.contenttype",
	"pk": 17,
	"fields": {
		"app_label": "graphics",
		"model": "visual"
	}
},
{
	"model": "contenttypes.contenttype",
	"pk": 18,
	"fields": {
		"app_label": "graphics2",
		"model": "processimage"
	}
},
{
	"model": "contenttypes.contenttype",
	"pk": 19,
	"fields": {
		"app_label": "graphics2",
		"model": "activityposition"
	}
},
{
	"model": "contenttypes.contenttype",
	"pk": 20,
	"fields": {
		"app_label": "runtime",
		"model": "processinstance"
	}
},
{
	"model": "contenttypes.contenttype",
	"pk": 21,
	"fields": {
		"app_label": "runtime",
		"model": "workitem"
	}
},
{
	"model": "contenttypes.contenttype",
	"pk": 22,
	"fields": {
		"app_label": "runtime",
		"model": "event"
	}
},
{
	"model": "contenttypes.contenttype",
	"pk": 23,
	"fields": {
		"app_label": "apptools",
		"model": "defaultappmodel"
	}
},
{
	"model": "contenttypes.contenttype",
	"pk": 24,
	"fields": {
		"app_label": "apptools",
		"model": "image"
	}
},
{
	"model": "contenttypes.contenttype",
	"pk": 25,
	"fields": {
		"app_label": "apptools",
		"model": "icon"
	}
},
{
	"model": "contenttypes.contenttype",
	"pk": 26,
	"fields": {
		"app_label": "apptools",
		"model": "imagebutton"
	}
},
{
	"model": "contenttypes.contenttype",
	"pk": 27,
	"fields": {
		"app_label": "leave",
		"model": "leaverequest"
	}
},
{
	"model": "contenttypes.contenttype",
	"pk": 28,
	"fields": {
		"app_label": "leave",
		"model": "manager"
	}
},
{
	"model": "contenttypes.contenttype",
	"pk": 29,
	"fields": {
		"app_label": "leave",
		"model": "account"
	}
},
{
	"model": "sessions.session",
	"pk": "mxiexiyoopvvopnlvhjja1ua4235db05",
	"fields": {
		"session_data": "OGM5ZGRiOTY3MjY5MjRjOWU0NDAyMjg0ODYzYjc5ZjAxZGYyNjA3MDp7Il9hdXRoX3VzZXJfYmFja2VuZCI6ImRqYW5nby5jb250cmliLmF1dGguYmFja2VuZHMuTW9kZWxCYWNrZW5kIiwiX2F1dGhfdXNlcl9oYXNoIjoiODI0ODI2NWRlZThiZmExNmVmMzljZjgyNWExM2JjMDI3ZmMzMmY3MCIsIl9hdXRoX3VzZXJfaWQiOiIxIn0=",
		"expire_date": "2017-04-13T10:18:33.015"
	}
},
{
	"model": "sites.site",
	"pk": 1,
	"fields": {
		"domain": "example.com",
		"name": "example.com"
	}
},
{
	"model": "workflow.process",
	"pk": 2,
	"fields": {
		"enabled": true,
		"date": "2008-04-01T17:40:39",
		"title": "leave",
		"description": "version using high level functions to minimize dev effort",
		"begin": 10,
		"end": 9,
		"priority": 0
	}
},
{
	"model": "workflow.process",
	"pk": 3,
	"fields": {
		"enabled": true,
		"date": "2007-10-08T21:49:41",
		"title": "dummy",
		"description": "dummy process used to keep activities and transitions out of the active process",
		"begin": null,
		"end": null,
		"priority": 0
	}
},
{
	"model": "workflow.process",
	"pk": 4,
	"fields": {
		"enabled": true,
		"date": "2008-04-29T21:34:46",
		"title": "Gestion des absences",
		"description": "gestion des absences: r\u00f4les employ\u00e9, secr\u00e9taire, manager",
		"begin": null,
		"end": 12,
		"priority": 0
	}
},
{
	"model": "workflow.application",
	"pk": 1,
	"fields": {
		"url": "apptools/choice_application",
		"suffix": "w"
	}
},
{
	"model": "workflow.application",
	"pk": 2,
	"fields": {
		"url": "apptools/view_application",
		"suffix": "w"
	}
},
{
	"model": "workflow.application",
	"pk": 3,
	"fields": {
		"url": "apptools/sendmail",
		"suffix": "w"
	}
},
{
	"model": "workflow.application",
	"pk": 9,
	"fields": {
		"url": "hrform",
		"suffix": "w"
	}
},
{
	"model": "workflow.application",
	"pk": 11,
	"fields": {
		"url": "finalinfo",
		"suffix": "w"
	}
},
{
	"model": "workflow.application",
	"pk": 14,
	"fields": {
		"url": "checkstatus_auto",
		"suffix": null
	}
},
{
	"model": "workflow.application",
	"pk": 15,
	"fields": {
		"url": "send_mail",
		"suffix": null
	}
},
{
	"model": "workflow.application",
	"pk": 16,
	"fields": {
		"url": "checkstatus",
		"suffix": "w"
	}
},
{
	"model": "workflow.application",
	"pk": 17,
	"fields": {
		"url": "refine",
		"suffix": "w"
	}
},
{
	"model": "workflow.application",
	"pk": 18,
	"fields": {
		"url": "approvalform",
		"suffix": "w"
	}
},
{
	"model": "workflow.pushapplication",
	"pk": 1,
	"fields": {
		"url": "route_to_supervisor"
	}
},
{
	"model": "workflow.pushapplication",
	"pk": 2,
	"fields": {
		"url": "route_to_secretary"
	}
},
{
	"model": "workflow.pushapplication",
	"pk": 3,
	"fields": {
		"url": "route_to_requester"
	}
},
{
	"model": "workflow.transition",
	"pk": 8,
	"fields": {
		"name": "re_request",
		"process": 2,
		"input": 7,
		"condition": "Re-request",
		"output": 10,
		"description": "",
		"precondition": null
	}
},
{
	"model": "workflow.transition",
	"pk": 9,
	"fields": {
		"name": "cancel_request",
		"process": 2,
		"input": 7,
		"condition": "Withdraw request",
		"output": 9,
		"description": "",
		"precondition": null
	}
},
{
	"model": "workflow.transition",
	"pk": 10,
	"fields": {
		"name": "request_approved",
		"process": 2,
		"input": 8,
		"condition": "OK: Forward to secretary",
		"output": 6,
		"description": "",
		"precondition": null
	}
},
{
	"model": "workflow.transition",
	"pk": 11,
	"fields": {
		"name": "not_approved",
		"process": 2,
		"input": 8,
		"condition": "Denied: Back to requester",
		"output": 7,
		"description": "",
		"precondition": null
	}
},
{
	"model": "workflow.transition",
	"pk": 12,
	"fields": {
		"name": "tell_employee",
		"process": 2,
		"input": 6,
		"condition": "",
		"output": 9,
		"description": "",
		"precondition": null
	}
},
{
	"model": "workflow.transition",
	"pk": 13,
	"fields": {
		"name": "send_to_refinement",
		"process": 2,
		"input": 10,
		"condition": "Denied: Back to requester",
		"output": 7,
		"description": "",
		"precondition": null
	}
},
{
	"model": "workflow.transition",
	"pk": 14,
	"fields": {
		"name": "send_to_approval",
		"process": 2,
		"input": 10,
		"condition": "OK: Forward to supervisor",
		"output": 8,
		"description": "",
		"precondition": null
	}
},
{
	"model": "workflow.transition",
	"pk": 15,
	"fields": {
		"name": "begin_notification",
		"process": 3,
		"input": 10,
		"condition": "workitem.time_out(delay=1, unit='minutes')",
		"output": 11,
		"description": "test timeout",
		"precondition": null
	}
},
{
	"model": "graphics2.processimage",
	"pk": 1,
	"fields": {
		"process": 4,
		"file": "images/leave_workflow.png"
	}
},
{
	"model": "graphics2.activityposition",
	"pk": 1,
	"fields": {
		"diagram": 1,
		"activity": 12,
		"x": 72,
		"y": 334
	}
},
{
	"model": "graphics2.activityposition",
	"pk": 2,
	"fields": {
		"diagram": 1,
		"activity": 13,
		"x": 208,
		"y": 100
	}
},
{
	"model": "graphics2.activityposition",
	"pk": 3,
	"fields": {
		"diagram": 1,
		"activity": 14,
		"x": 329,
		"y": 185
	}
},
{
	"model": "graphics2.activityposition",
	"pk": 4,
	"fields": {
		"diagram": 1,
		"activity": 15,
		"x": 111,
		"y": 179
	}
},
{
	"model": "graphics2.activityposition",
	"pk": 5,
	"fields": {
		"diagram": 1,
		"activity": 16,
		"x": 223,
		"y": 289
	}
},
{
	"model": "auth.permission",
	"pk": 1,
	"fields": {
		"name": "Can add permission",
		"content_type": 1,
		"codename": "add_permission"
	}
},
{
	"model": "auth.permission",
	"pk": 2,
	"fields": {
		"name": "Can change permission",
		"content_type": 1,
		"codename": "change_permission"
	}
},
{
	"model": "auth.permission",
	"pk": 3,
	"fields": {
		"name": "Can delete permission",
		"content_type": 1,
		"codename": "delete_permission"
	}
},
{
	"model": "auth.permission",
	"pk": 4,
	"fields": {
		"name": "Can add user",
		"content_type": 2,
		"codename": "add_user"
	}
},
{
	"model": "auth.permission",
	"pk": 5,
	"fields": {
		"name": "Can change user",
		"content_type": 2,
		"codename": "change_user"
	}
},
{
	"model": "auth.permission",
	"pk": 6,
	"fields": {
		"name": "Can delete user",
		"content_type": 2,
		"codename": "delete_user"
	}
},
{
	"model": "auth.permission",
	"pk": 7,
	"fields": {
		"name": "Can add group",
		"content_type": 3,
		"codename": "add_group"
	}
},
{
	"model": "auth.permission",
	"pk": 8,
	"fields": {
		"name": "Can change group",
		"content_type": 3,
		"codename": "change_group"
	}
},
{
	"model": "auth.permission",
	"pk": 9,
	"fields": {
		"name": "Can delete group",
		"content_type": 3,
		"codename": "delete_group"
	}
},
{
	"model": "auth.permission",
	"pk": 10,
	"fields": {
		"name": "Can add content type",
		"content_type": 4,
		"codename": "add_contenttype"
	}
},
{
	"model": "auth.permission",
	"pk": 11,
	"fields": {
		"name": "Can change content type",
		"content_type": 4,
		"codename": "change_contenttype"
	}
},
{
	"model": "auth.permission",
	"pk": 12,
	"fields": {
		"name": "Can delete content type",
		"content_type": 4,
		"codename": "delete_contenttype"
	}
},
{
	"model": "auth.permission",
	"pk": 13,
	"fields": {
		"name": "Can add session",
		"content_type": 5,
		"codename": "add_session"
	}
},
{
	"model": "auth.permission",
	"pk": 14,
	"fields": {
		"name": "Can change session",
		"content_type": 5,
		"codename": "change_session"
	}
},
{
	"model": "auth.permission",
	"pk": 15,
	"fields": {
		"name": "Can delete session",
		"content_type": 5,
		"codename": "delete_session"
	}
},
{
	"model": "auth.permission",
	"pk": 16,
	"fields": {
		"name": "Can add site",
		"content_type": 6,
		"codename": "add_site"
	}
},
{
	"model": "auth.permission",
	"pk": 17,
	"fields": {
		"name": "Can change site",
		"content_type": 6,
		"codename": "change_site"
	}
},
{
	"model": "auth.permission",
	"pk": 18,
	"fields": {
		"name": "Can delete site",
		"content_type": 6,
		"codename": "delete_site"
	}
},
{
	"model": "auth.permission",
	"pk": 19,
	"fields": {
		"name": "Can add log entry",
		"content_type": 7,
		"codename": "add_logentry"
	}
},
{
	"model": "auth.permission",
	"pk": 20,
	"fields": {
		"name": "Can change log entry",
		"content_type": 7,
		"codename": "change_logentry"
	}
},
{
	"model": "auth.permission",
	"pk": 21,
	"fields": {
		"name": "Can delete log entry",
		"content_type": 7,
		"codename": "delete_logentry"
	}
},
{
	"model": "auth.permission",
	"pk": 22,
	"fields": {
		"name": "Can add Activity",
		"content_type": 8,
		"codename": "add_activity"
	}
},
{
	"model": "auth.permission",
	"pk": 23,
	"fields": {
		"name": "Can change Activity",
		"content_type": 8,
		"codename": "change_activity"
	}
},
{
	"model": "auth.permission",
	"pk": 24,
	"fields": {
		"name": "Can delete Activity",
		"content_type": 8,
		"codename": "delete_activity"
	}
},
{
	"model": "auth.permission",
	"pk": 25,
	"fields": {
		"name": "Can add process",
		"content_type": 9,
		"codename": "add_process"
	}
},
{
	"model": "auth.permission",
	"pk": 26,
	"fields": {
		"name": "Can change process",
		"content_type": 9,
		"codename": "change_process"
	}
},
{
	"model": "auth.permission",
	"pk": 27,
	"fields": {
		"name": "Can delete process",
		"content_type": 9,
		"codename": "delete_process"
	}
},
{
	"model": "auth.permission",
	"pk": 28,
	"fields": {
		"name": "Can instantiate",
		"content_type": 9,
		"codename": "can_instantiate"
	}
},
{
	"model": "auth.permission",
	"pk": 29,
	"fields": {
		"name": "Can browse",
		"content_type": 9,
		"codename": "can_browse"
	}
},
{
	"model": "auth.permission",
	"pk": 30,
	"fields": {
		"name": "Can add application",
		"content_type": 10,
		"codename": "add_application"
	}
},
{
	"model": "auth.permission",
	"pk": 31,
	"fields": {
		"name": "Can change application",
		"content_type": 10,
		"codename": "change_application"
	}
},
{
	"model": "auth.permission",
	"pk": 32,
	"fields": {
		"name": "Can delete application",
		"content_type": 10,
		"codename": "delete_application"
	}
},
{
	"model": "auth.permission",
	"pk": 33,
	"fields": {
		"name": "Can add push application",
		"content_type": 11,
		"codename": "add_pushapplication"
	}
},
{
	"model": "auth.permission",
	"pk": 34,
	"fields": {
		"name": "Can change push application",
		"content_type": 11,
		"codename": "change_pushapplication"
	}
},
{
	"model": "auth.permission",
	"pk": 35,
	"fields": {
		"name": "Can delete push application",
		"content_type": 11,
		"codename": "delete_pushapplication"
	}
},
{
	"model": "auth.permission",
	"pk": 36,
	"fields": {
		"name": "Can add transition",
		"content_type": 12,
		"codename": "add_transition"
	}
},
{
	"model": "auth.permission",
	"pk": 37,
	"fields": {
		"name": "Can change transition",
		"content_type": 12,
		"codename": "change_transition"
	}
},
{
	"model": "auth.permission",
	"pk": 38,
	"fields": {
		"name": "Can delete transition",
		"content_type": 12,
		"codename": "delete_transition"
	}
},
{
	"model": "auth.permission",
	"pk": 39,
	"fields": {
		"name": "Can add Workflow user profile",
		"content_type": 13,
		"codename": "add_userprofile"
	}
},
{
	"model": "auth.permission",
	"pk": 40,
	"fields": {
		"name": "Can change Workflow user profile",
		"content_type": 13,
		"codename": "change_userprofile"
	}
},
{
	"model": "auth.permission",
	"pk": 41,
	"fields": {
		"name": "Can delete Workflow user profile",
		"content_type": 13,
		"codename": "delete_userprofile"
	}
},
{
	"model": "auth.permission",
	"pk": 42,
	"fields": {
		"name": "Can add image",
		"content_type": 14,
		"codename": "add_image"
	}
},
{
	"model": "auth.permission",
	"pk": 43,
	"fields": {
		"name": "Can change image",
		"content_type": 14,
		"codename": "change_image"
	}
},
{
	"model": "auth.permission",
	"pk": 44,
	"fields": {
		"name": "Can delete image",
		"content_type": 14,
		"codename": "delete_image"
	}
},
{
	"model": "auth.permission",
	"pk": 45,
	"fields": {
		"name": "Can add graph",
		"content_type": 15,
		"codename": "add_graph"
	}
},
{
	"model": "auth.permission",
	"pk": 46,
	"fields": {
		"name": "Can change graph",
		"content_type": 15,
		"codename": "change_graph"
	}
},
{
	"model": "auth.permission",
	"pk": 47,
	"fields": {
		"name": "Can delete graph",
		"content_type": 15,
		"codename": "delete_graph"
	}
},
{
	"model": "auth.permission",
	"pk": 48,
	"fields": {
		"name": "Can add meta graph",
		"content_type": 16,
		"codename": "add_metagraph"
	}
},
{
	"model": "auth.permission",
	"pk": 49,
	"fields": {
		"name": "Can change meta graph",
		"content_type": 16,
		"codename": "change_metagraph"
	}
},
{
	"model": "auth.permission",
	"pk": 50,
	"fields": {
		"name": "Can delete meta graph",
		"content_type": 16,
		"codename": "delete_metagraph"
	}
},
{
	"model": "auth.permission",
	"pk": 51,
	"fields": {
		"name": "Can add visual",
		"content_type": 17,
		"codename": "add_visual"
	}
},
{
	"model": "auth.permission",
	"pk": 52,
	"fields": {
		"name": "Can change visual",
		"content_type": 17,
		"codename": "change_visual"
	}
},
{
	"model": "auth.permission",
	"pk": 53,
	"fields": {
		"name": "Can delete visual",
		"content_type": 17,
		"codename": "delete_visual"
	}
},
{
	"model": "auth.permission",
	"pk": 54,
	"fields": {
		"name": "Can add process image",
		"content_type": 18,
		"codename": "add_processimage"
	}
},
{
	"model": "auth.permission",
	"pk": 55,
	"fields": {
		"name": "Can change process image",
		"content_type": 18,
		"codename": "change_processimage"
	}
},
{
	"model": "auth.permission",
	"pk": 56,
	"fields": {
		"name": "Can delete process image",
		"content_type": 18,
		"codename": "delete_processimage"
	}
},
{
	"model": "auth.permission",
	"pk": 57,
	"fields": {
		"name": "Can add activity position",
		"content_type": 19,
		"codename": "add_activityposition"
	}
},
{
	"model": "auth.permission",
	"pk": 58,
	"fields": {
		"name": "Can change activity position",
		"content_type": 19,
		"codename": "change_activityposition"
	}
},
{
	"model": "auth.permission",
	"pk": 59,
	"fields": {
		"name": "Can delete activity position",
		"content_type": 19,
		"codename": "delete_activityposition"
	}
},
{
	"model": "auth.permission",
	"pk": 60,
	"fields": {
		"name": "Can add process instance",
		"content_type": 20,
		"codename": "add_processinstance"
	}
},
{
	"model": "auth.permission",
	"pk": 61,
	"fields": {
		"name": "Can change process instance",
		"content_type": 20,
		"codename": "change_processinstance"
	}
},
{
	"model": "auth.permission",
	"pk": 62,
	"fields": {
		"name": "Can delete process instance",
		"content_type": 20,
		"codename": "delete_processinstance"
	}
},
{
	"model": "auth.permission",
	"pk": 63,
	"fields": {
		"name": "Can add work item",
		"content_type": 21,
		"codename": "add_workitem"
	}
},
{
	"model": "auth.permission",
	"pk": 64,
	"fields": {
		"name": "Can change work item",
		"content_type": 21,
		"codename": "change_workitem"
	}
},
{
	"model": "auth.permission",
	"pk": 65,
	"fields": {
		"name": "Can delete work item",
		"content_type": 21,
		"codename": "delete_workitem"
	}
},
{
	"model": "auth.permission",
	"pk": 66,
	"fields": {
		"name": "Can change priority",
		"content_type": 21,
		"codename": "can_change_priority"
	}
},
{
	"model": "auth.permission",
	"pk": 67,
	"fields": {
		"name": "Can add event",
		"content_type": 22,
		"codename": "add_event"
	}
},
{
	"model": "auth.permission",
	"pk": 68,
	"fields": {
		"name": "Can change event",
		"content_type": 22,
		"codename": "change_event"
	}
},
{
	"model": "auth.permission",
	"pk": 69,
	"fields": {
		"name": "Can delete event",
		"content_type": 22,
		"codename": "delete_event"
	}
},
{
	"model": "auth.permission",
	"pk": 70,
	"fields": {
		"name": "Can add Simulation object",
		"content_type": 23,
		"codename": "add_defaultappmodel"
	}
},
{
	"model": "auth.permission",
	"pk": 71,
	"fields": {
		"name": "Can change Simulation object",
		"content_type": 23,
		"codename": "change_defaultappmodel"
	}
},
{
	"model": "auth.permission",
	"pk": 72,
	"fields": {
		"name": "Can delete Simulation object",
		"content_type": 23,
		"codename": "delete_defaultappmodel"
	}
},
{
	"model": "auth.permission",
	"pk": 73,
	"fields": {
		"name": "Can add image",
		"content_type": 24,
		"codename": "add_image"
	}
},
{
	"model": "auth.permission",
	"pk": 74,
	"fields": {
		"name": "Can change image",
		"content_type": 24,
		"codename": "change_image"
	}
},
{
	"model": "auth.permission",
	"pk": 75,
	"fields": {
		"name": "Can delete image",
		"content_type": 24,
		"codename": "delete_image"
	}
},
{
	"model": "auth.permission",
	"pk": 76,
	"fields": {
		"name": "Can add icon",
		"content_type": 25,
		"codename": "add_icon"
	}
},
{
	"model": "auth.permission",
	"pk": 77,
	"fields": {
		"name": "Can change icon",
		"content_type": 25,
		"codename": "change_icon"
	}
},
{
	"model": "auth.permission",
	"pk": 78,
	"fields": {
		"name": "Can delete icon",
		"content_type": 25,
		"codename": "delete_icon"
	}
},
{
	"model": "auth.permission",
	"pk": 79,
	"fields": {
		"name": "Can add image button",
		"content_type": 26,
		"codename": "add_imagebutton"
	}
},
{
	"model": "auth.permission",
	"pk": 80,
	"fields": {
		"name": "Can change image button",
		"content_type": 26,
		"codename": "change_imagebutton"
	}
},
{
	"model": "auth.permission",
	"pk": 81,
	"fields": {
		"name": "Can delete image button",
		"content_type": 26,
		"codename": "delete_imagebutton"
	}
},
{
	"model": "auth.permission",
	"pk": 82,
	"fields": {
		"name": "Can add leave request",
		"content_type": 27,
		"codename": "add_leaverequest"
	}
},
{
	"model": "auth.permission",
	"pk": 83,
	"fields": {
		"name": "Can change leave request",
		"content_type": 27,
		"codename": "change_leaverequest"
	}
},
{
	"model": "auth.permission",
	"pk": 84,
	"fields": {
		"name": "Can delete leave request",
		"content_type": 27,
		"codename": "delete_leaverequest"
	}
},
{
	"model": "auth.permission",
	"pk": 85,
	"fields": {
		"name": "Can add manager",
		"content_type": 28,
		"codename": "add_manager"
	}
},
{
	"model": "auth.permission",
	"pk": 86,
	"fields": {
		"name": "Can change manager",
		"content_type": 28,
		"codename": "change_manager"
	}
},
{
	"model": "auth.permission",
	"pk": 87,
	"fields": {
		"name": "Can delete manager",
		"content_type": 28,
		"codename": "delete_manager"
	}
},
{
	"model": "auth.permission",
	"pk": 88,
	"fields": {
		"name": "Can add account",
		"content_type": 29,
		"codename": "add_account"
	}
},
{
	"model": "auth.permission",
	"pk": 89,
	"fields": {
		"name": "Can change account",
		"content_type": 29,
		"codename": "change_account"
	}
},
{
	"model": "auth.permission",
	"pk": 90,
	"fields": {
		"name": "Can delete account",
		"content_type": 29,
		"codename": "delete_account"
	}
},
{
	"model": "auth.group",
	"pk": 1,
	"fields": {
		"name": "manager",
		"permissions": []
	}
},
{
	"model": "auth.group",
	"pk": 2,
	"fields": {
		"name": "secretary",
		"permissions": [80]
	}
},
{
	"model": "auth.group",
	"pk": 3,
	"fields": {
		"name": "employee",
		"permissions": []
	}
},
{
	"model": "auth.group",
	"pk": 4,
	"fields": {
		"name": "leave",
		"permissions": [31]
	}
},
{
	"model": "auth.user",
	"pk": 1,
	"fields": {
		"password": "pbkdf2_sha256$30000$aG00ODHxK74o$vqjfr+9wj3zIv2rPVrsa9YJsam3BT7EUCNC1eNlt218=",
		"last_login": "2017-03-30T10:18:32.998",
		"is_superuser": true,
		"username": "admin",
		"first_name": "",
		"last_name": "",
		"email": "goflow@alwaysdata.net",
		"is_staff": true,
		"is_active": true,
		"date_joined": "2007-07-22T12:28:10",
		"groups": [],
		"user_permissions": []
	}
},
{
	"model": "auth.user",
	"pk": 3,
	"fields": {
		"password": "pbkdf2_sha256$30000$RYf0vZL6wUzG$9BjLsDIzVn/g+HJfiefTc0+IT7orPbNIMR94fAR7JpM=",
		"last_login": "2008-09-14T18:23:47",
		"is_superuser": false,
		"username": "prefectus",
		"first_name": "",
		"last_name": "",
		"email": "",
		"is_staff": true,
		"is_active": true,
		"date_joined": "2007-07-28T12:52:55",
		"groups": [1,
		3,
		4],
		"user_permissions": []
	}
},
{
	"model": "auth.user",
	"pk": 4,
	"fields": {
		"password": "pbkdf2_sha256$30000$AHJpagEHAcr7$h2jHwk8LskgXz18kQvDfzWLTY/JYMrDXULZ2Gf7C1bI=",
		"last_login": "2008-09-14T18:23:19",
		"is_superuser": false,
		"username": "primus",
		"first_name": "",
		"last_name": "",
		"email": "goflow@alwaysdata.net",
		"is_staff": true,
		"is_active": true,
		"date_joined": "2007-07-28T12:54:36",
		"groups": [3,
		4],
		"user_permissions": []
	}
},
{
	"model": "auth.user",
	"pk": 5,
	"fields": {
		"password": "pbkdf2_sha256$30000$1o6aaDV8iUN2$LoqDIYdIU3Imh4Dw6fnj9lyga9Odp+BW0uxz2yN+ym4=",
		"last_login": "2008-04-02T11:00:09",
		"is_superuser": false,
		"username": "secundus",
		"first_name": "",
		"last_name": "",
		"email": "",
		"is_staff": true,
		"is_active": true,
		"date_joined": "2007-07-29T12:21:50",
		"groups": [3,
		4],
		"user_permissions": []
	}
},
{
	"model": "auth.user",
	"pk": 6,
	"fields": {
		"password": "pbkdf2_sha256$30000$srMuQHqvgbnL$zJr3Ez5Pw1n52txKTCd9BvA6eROB/f6FWuGq4sfRt5c=",
		"last_login": "2008-04-01T22:45:23",
		"is_superuser": false,
		"username": "tertius",
		"first_name": "",
		"last_name": "",
		"email": "",
		"is_staff": true,
		"is_active": true,
		"date_joined": "2007-07-29T12:22:32",
		"groups": [3,
		4],
		"user_permissions": []
	}
},
{
	"model": "auth.user",
	"pk": 7,
	"fields": {
		"password": "pbkdf2_sha256$30000$2ZS1wOyVETCS$X7+lOt8nzortknrWnDQ43juCEybgO81DlQ33TIyGv4s=",
		"last_login": "2008-04-01T22:45:24",
		"is_superuser": false,
		"username": "quartus",
		"first_name": "",
		"last_name": "",
		"email": "",
		"is_staff": true,
		"is_active": true,
		"date_joined": "2007-07-29T12:22:56",
		"groups": [3,
		4],
		"user_permissions": []
	}
},
{
	"model": "auth.user",
	"pk": 8,
	"fields": {
		"password": "pbkdf2_sha256$30000$KVKLOkl3biv4$rfYGlvlrkHxaDBlAzhLUGsD28JRDhvYtSTxYxZE7Y+g=",
		"last_login": "2008-09-14T18:18:51",
		"is_superuser": false,
		"username": "socius",
		"first_name": "",
		"last_name": "",
		"email": "",
		"is_staff": true,
		"is_active": true,
		"date_joined": "2007-07-29T12:23:20",
		"groups": [2,
		3,
		4],
		"user_permissions": []
	}
},
{
	"model": "auth.user",
	"pk": 9,
	"fields": {
		"password": "pbkdf2_sha256$30000$6G5WZbG3knXv$0SB73qVfKneapmJbDO1zDydzlhcvj336HZv2Ok+6cwM=",
		"last_login": "2008-09-14T18:23:56",
		"is_superuser": false,
		"username": "notarius",
		"first_name": "",
		"last_name": "",
		"email": "",
		"is_staff": true,
		"is_active": true,
		"date_joined": "2007-07-29T12:24:05",
		"groups": [2,
		3,
		4],
		"user_permissions": []
	}
},
{
	"model": "auth.user",
	"pk": 10,
	"fields": {
		"password": "pbkdf2_sha256$30000$h5V5YCu4x8cF$Mj1G9H0TJfeloqwoQXSXkJsGfE7C8bva3N8SD+Ch77Y=",
		"last_login": "2007-10-06T22:30:01",
		"is_superuser": false,
		"username": "auto",
		"first_name": "",
		"last_name": "runs auto applications",
		"email": "",
		"is_staff": false,
		"is_active": true,
		"date_joined": "2007-10-06T22:30:01",
		"groups": [],
		"user_permissions": []
	}
},
{
	"model": "auth.user",
	"pk": 11,
	"fields": {
		"password": "passwd",
		"last_login": "2008-09-14T18:23:56",
		"is_superuser": false,
		"username": "ozgur",
		"first_name": "",
		"last_name": "",
		"email": "",
		"is_staff": true,
		"is_active": true,
		"date_joined": "2007-07-29T12:24:05",
		"groups": [],
		"user_permissions": []
	}
},
{
	"model": "admin.logentry",
	"pk": 2,
	"fields": {
		"action_time": "2017-03-30T10:18:45.110",
		"user": 1,
		"content_type": 2,
		"object_id": "12",
		"object_repr": "adm",
		"action_flag": 3,
		"change_message": ""
	}
},
{
	"model": "admin.logentry",
	"pk": 3,
	"fields": {
		"action_time": "2017-03-30T10:19:43.845",
		"user": 1,
		"content_type": 2,
		"object_id": "9",
		"object_repr": "notarius",
		"action_flag": 2,
		"change_message": "[{\"changed\": {\"fields\": [\"password\"]}}]"
	}
},
{
	"model": "admin.logentry",
	"pk": 4,
	"fields": {
		"action_time": "2017-03-30T10:20:00.721",
		"user": 1,
		"content_type": 2,
		"object_id": "3",
		"object_repr": "prefectus",
		"action_flag": 2,
		"change_message": "[{\"changed\": {\"fields\": [\"password\"]}}]"
	}
},
{
	"model": "admin.logentry",
	"pk": 5,
	"fields": {
		"action_time": "2017-03-30T10:20:14.538",
		"user": 1,
		"content_type": 2,
		"object_id": "4",
		"object_repr": "primus",
		"action_flag": 2,
		"change_message": "[{\"changed\": {\"fields\": [\"password\"]}}]"
	}
},
{
	"model": "admin.logentry",
	"pk": 6,
	"fields": {
		"action_time": "2017-03-30T10:20:35.317",
		"user": 1,
		"content_type": 2,
		"object_id": "5",
		"object_repr": "secundus",
		"action_flag": 2,
		"change_message": "[{\"changed\": {\"fields\": [\"password\"]}}]"
	}
},
{
	"model": "admin.logentry",
	"pk": 7,
	"fields": {
		"action_time": "2017-03-30T10:20:48.720",
		"user": 1,
		"content_type": 2,
		"object_id": "6",
		"object_repr": "tertius",
		"action_flag": 2,
		"change_message": "[{\"changed\": {\"fields\": [\"password\"]}}]"
	}
},
{
	"model": "admin.logentry",
	"pk": 8,
	"fields": {
		"action_time": "2017-03-30T10:21:07.318",
		"user": 1,
		"content_type": 2,
		"object_id": "7",
		"object_repr": "quartus",
		"action_flag": 2,
		"change_message": "[{\"changed\": {\"fields\": [\"password\"]}}]"
	}
},
{
	"model": "admin.logentry",
	"pk": 9,
	"fields": {
		"action_time": "2017-03-30T10:21:19.977",
		"user": 1,
		"content_type": 2,
		"object_id": "8",
		"object_repr": "socius",
		"action_flag": 2,
		"change_message": "[{\"changed\": {\"fields\": [\"password\"]}}]"
	}
},
{
	"model": "admin.logentry",
	"pk": 10,
	"fields": {
		"action_time": "2017-03-30T10:21:40.020",
		"user": 1,
		"content_type": 2,
		"object_id": "10",
		"object_repr": "auto",
		"action_flag": 2,
		"change_message": "[{\"changed\": {\"fields\": [\"password\"]}}]"
	}
},
{
	"model": "workflow.activity",
	"pk": 6,
	"fields": {
		"title": "UpdateHR",
		"kind": "standard",
		"process": 2,
		"push_application": 2,
		"pushapp_param": "",
		"application": 9,
		"app_param": "",
		"subflow": null,
		"description": "",
		"autostart": false,
		"autofinish": true,
		"join_mode": "and",
		"split_mode": "and",
		"roles": [2]
	}
},
{
	"model": "workflow.activity",
	"pk": 7,
	"fields": {
		"title": "Refinement",
		"kind": "standard",
		"process": 2,
		"push_application": 3,
		"pushapp_param": "",
		"application": 17,
		"app_param": "{'ok_values':('Re-request', 'Withdraw request')}",
		"subflow": null,
		"description": "",
		"autostart": false,
		"autofinish": true,
		"join_mode": "xor",
		"split_mode": "xor",
		"roles": [3]
	}
},
{
	"model": "workflow.activity",
	"pk": 8,
	"fields": {
		"title": "Approval",
		"kind": "standard",
		"process": 2,
		"push_application": 1,
		"pushapp_param": "",
		"application": 18,
		"app_param": "{'ok_values':('OK: Forward to secretary', 'Denied: Back to requester')}",
		"subflow": null,
		"description": "",
		"autostart": false,
		"autofinish": true,
		"join_mode": "and",
		"split_mode": "xor",
		"roles": [1]
	}
},
{
	"model": "workflow.activity",
	"pk": 9,
	"fields": {
		"title": "End",
		"kind": "standard",
		"process": 2,
		"push_application": 3,
		"pushapp_param": "",
		"application": 11,
		"app_param": "",
		"subflow": null,
		"description": "",
		"autostart": false,
		"autofinish": false,
		"join_mode": "xor",
		"split_mode": "and",
		"roles": []
	}
},
{
	"model": "workflow.activity",
	"pk": 10,
	"fields": {
		"title": "Begin",
		"kind": "standard",
		"process": 2,
		"push_application": 2,
		"pushapp_param": "",
		"application": 16,
		"app_param": "{'ok_values':('OK: Forward to supervisor', 'Denied: Back to requester')}",
		"subflow": null,
		"description": "",
		"autostart": false,
		"autofinish": true,
		"join_mode": "and",
		"split_mode": "xor",
		"roles": [2]
	}
},
{
	"model": "workflow.activity",
	"pk": 11,
	"fields": {
		"title": "notification",
		"kind": "standard",
		"process": 3,
		"push_application": null,
		"pushapp_param": "",
		"application": 15,
		"app_param": "{'username':'admin'}",
		"subflow": null,
		"description": "",
		"autostart": true,
		"autofinish": true,
		"join_mode": "and",
		"split_mode": "and",
		"roles": [3]
	}
},
{
	"model": "workflow.activity",
	"pk": 12,
	"fields": {
		"title": "Information",
		"kind": "standard",
		"process": 4,
		"push_application": null,
		"pushapp_param": "",
		"application": 11,
		"app_param": "",
		"subflow": null,
		"description": "",
		"autostart": false,
		"autofinish": true,
		"join_mode": "xor",
		"split_mode": "and",
		"roles": []
	}
},
{
	"model": "workflow.activity",
	"pk": 13,
	"fields": {
		"title": "Contr\u00f4le demande",
		"kind": "standard",
		"process": 4,
		"push_application": 2,
		"pushapp_param": "",
		"application": 16,
		"app_param": "{'ok_values':('OK: pour approbation', 'Refus\u00e9: \u00e0 corriger')}",
		"subflow": null,
		"description": "",
		"autostart": false,
		"autofinish": true,
		"join_mode": "and",
		"split_mode": "xor",
		"roles": [2]
	}
},
{
	"model": "workflow.activity",
	"pk": 14,
	"fields": {
		"title": "Approbation",
		"kind": "standard",
		"process": 4,
		"push_application": 1,
		"pushapp_param": "",
		"application": 18,
		"app_param": "{'ok_values':('OK: \u00e0 enregistrer', 'Refus\u00e9: \u00e0 modifier')}",
		"subflow": null,
		"description": "",
		"autostart": false,
		"autofinish": true,
		"join_mode": "and",
		"split_mode": "xor",
		"roles": [1]
	}
},
{
	"model": "workflow.activity",
	"pk": 15,
	"fields": {
		"title": "Correction",
		"kind": "standard",
		"process": 4,
		"push_application": 3,
		"pushapp_param": "",
		"application": 17,
		"app_param": "{'ok_values':('Soumettre \u00e0 nouveau', 'Annuler')}",
		"subflow": null,
		"description": "",
		"autostart": false,
		"autofinish": true,
		"join_mode": "xor",
		"split_mode": "xor",
		"roles": [3]
	}
},
{
	"model": "workflow.activity",
	"pk": 16,
	"fields": {
		"title": "Mise \u00e0 jour base",
		"kind": "standard",
		"process": 4,
		"push_application": 2,
		"pushapp_param": "",
		"application": 9,
		"app_param": "",
		"subflow": null,
		"description": "",
		"autostart": false,
		"autofinish": true,
		"join_mode": "and",
		"split_mode": "and",
		"roles": [2]
	}
},
{
	"model": "workflow.userprofile",
	"pk": 1,
	"fields": {
		"user": 1,
		"web_host": "localhost:8000",
		"notified": true,
		"last_notif": "2009-03-28T16:52:44",
		"nb_wi_notif": 1,
		"notif_delay": 1,
		"urgent_priority": 5
	}
},
{
	"model": "workflow.userprofile",
	"pk": 2,
	"fields": {
		"user": 9,
		"web_host": "localhost:8000",
		"notified": true,
		"last_notif": "2009-03-28T18:15:13",
		"nb_wi_notif": 1,
		"notif_delay": 1,
		"urgent_priority": 5
	}
},
{
	"model": "workflow.userprofile",
	"pk": 3,
	"fields": {
		"user": 3,
		"web_host": "localhost:8000",
		"notified": true,
		"last_notif": "2009-03-28T18:15:26",
		"nb_wi_notif": 1,
		"notif_delay": 1,
		"urgent_priority": 5
	}
},
{
	"model": "workflow.userprofile",
	"pk": 4,
	"fields": {
		"user": 4,
		"web_host": "localhost:8000",
		"notified": true,
		"last_notif": "2009-03-28T18:15:36",
		"nb_wi_notif": 1,
		"notif_delay": 1,
		"urgent_priority": 5
	}
},
{
	"model": "workflow.userprofile",
	"pk": 5,
	"fields": {
		"user": 7,
		"web_host": "localhost:8000",
		"notified": true,
		"last_notif": "2009-03-28T18:15:48",
		"nb_wi_notif": 1,
		"notif_delay": 1,
		"urgent_priority": 5
	}
},
{
	"model": "workflow.userprofile",
	"pk": 6,
	"fields": {
		"user": 5,
		"web_host": "localhost:8000",
		"notified": true,
		"last_notif": "2009-03-28T18:16:31",
		"nb_wi_notif": 1,
		"notif_delay": 1,
		"urgent_priority": 5
	}
},
{
	"model": "workflow.userprofile",
	"pk": 7,
	"fields": {
		"user": 8,
		"web_host": "localhost:8000",
		"notified": true,
		"last_notif": "2009-03-28T18:16:41",
		"nb_wi_notif": 1,
		"notif_delay": 1,
		"urgent_priority": 5
	}
},
{
	"model": "workflow.userprofile",
	"pk": 8,
	"fields": {
		"user": 6,
		"web_host": "localhost:8000",
		"notified": true,
		"last_notif": "2009-03-28T18:17:06",
		"nb_wi_notif": 1,
		"notif_delay": 1,
		"urgent_priority": 5
	}
},
{
	"model": "workflow.userprofile",
	"pk": 9,
	"fields": {
		"user": 10,
		"web_host": "localhost:8000",
		"notified": true,
		"last_notif": "2009-03-28T16:52:44",
		"nb_wi_notif": 1,
		"notif_delay": 1,
		"urgent_priority": 5
	}
},
{
	"model": "leave.leaverequest",
	"pk": 1,
	"fields": {
		"date": "2008-09-14T18:23:52",
		"day_start": "2008-09-14",
		"day_end": "2008-09-14",
		"type": "Vacation",
		"reason": "a",
		"reason_denial": "",
		"requester": 4
	}
},
{
	"model": "leave.manager",
	"pk": 1,
	"fields": {
		"user": 3,
		"category": "supervisor",
		"users": [3,
		4,
		5,
		6,
		7,
		8,
		9]
	}
},
{
	"model": "leave.manager",
	"pk": 2,
	"fields": {
		"user": 9,
		"category": "secretary",
		"users": [1,
		3,
		4,
		5,
		8]
	}
},
{
	"model": "leave.manager",
	"pk": 3,
	"fields": {
		"user": 8,
		"category": "secretary",
		"users": [6,
		7,
		9]
	}
},
{
	"model": "leave.account",
	"pk": 1,
	"fields": {
		"user": 3,
		"category": "vacations",
		"days": 10
	}
},
{
	"model": "leave.account",
	"pk": 2,
	"fields": {
		"user": 4,
		"category": "vacations",
		"days": 10
	}
},
{
	"model": "leave.account",
	"pk": 3,
	"fields": {
		"user": 5,
		"category": "vacations",
		"days": 10
	}
},
{
	"model": "leave.account",
	"pk": 4,
	"fields": {
		"user": 6,
		"category": "vacations",
		"days": 10
	}
},
{
	"model": "leave.account",
	"pk": 5,
	"fields": {
		"user": 7,
		"category": "vacations",
		"days": 10
	}
},
{
	"model": "leave.account",
	"pk": 6,
	"fields": {
		"user": 8,
		"category": "vacations",
		"days": 10
	}
},
{
	"model": "leave.account",
	"pk": 7,
	"fields": {
		"user": 9,
		"category": "vacations",
		"days": 10
	}
},
{
	"model": "leave.account",
	"pk": 12,
	"fields": {
		"user": 1,
		"category": "vacations",
		"days": 10
	}
}]